{"cameraMode":{"drawMode":0,"name":"Shaded","section":"Shading Mode"},"sceneLighting":false,"audioPlay":false,"sceneViewState":{"showFog":true,"showMaterialUpdate":false,"showSkybox":true,"showFlares":true,"showImageEffects":true,"showParticleSystems":true},"in2DMode":false,"pivot":{"x":-90.88451385498047,"y":50.050819396972659,"z":-23.296302795410158},"rotation":{"x":-0.0012922834139317275,"y":-0.9523763060569763,"z":-0.0039849309250712399,"w":0.30498939752578738},"size":276.0312805175781,"orthographic":false}